timestamp,Occupancy,power
00:00:10,1,30.4
00:00:40,1,2.1
00:01:10,1,3.6
00:01:40,1,3.6
00:02:10,1,3.6
00:02:40,1,2
00:03:10,1,2.1
00:03:40,1,3.2
00:04:10,1,2.1
00:04:40,1,3.6
00:05:10,1,3.6
00:05:40,1,3.5
00:06:10,1,3.6
00:06:40,1,3.6
00:07:10,1,3.6
00:07:40,1,3.6
00:08:10,1,3.6
00:08:40,1,3.6
00:09:10,1,3.6
00:09:40,1,2.1
00:10:10,1,3.6
00:10:40,1,2
00:11:10,1,3.6
00:11:40,1,2.3
00:12:10,1,3.6
00:12:40,1,3.6
00:13:10,1,3.7
00:13:40,1,3.6
00:14:10,1,2.1
00:14:40,1,3.6
00:15:10,1,3.6
00:15:40,1,3.6
00:16:10,1,3.6
00:16:40,1,3.6
00:17:10,1,3.6
00:17:40,1,3.6
00:18:10,1,3.6
00:18:40,1,3.6
00:19:10,1,3.6
00:19:40,1,3.6
00:20:10,1,2
00:20:40,1,3.6
00:21:10,1,2.1
00:21:40,1,2.1
00:22:10,1,2.7
00:22:40,1,2
00:23:10,1,2.1
00:23:40,1,3.7
00:24:10,1,2.5
00:24:40,1,3.6
00:25:10,1,3.7
00:25:40,1,3.6
00:26:10,1,3.6
00:26:40,1,3.6
00:27:10,1,2
00:27:40,1,3.6
00:28:10,1,2
00:28:40,1,2.1
00:29:10,1,2.1
00:29:40,1,3.6
00:30:10,1,2
00:30:40,1,38.4
00:31:10,1,31.3
00:31:40,1,2
00:32:10,1,2
00:32:40,1,2.9
00:33:10,1,2
00:33:40,1,2
00:34:10,1,3.1
00:34:40,1,2
00:35:10,1,3.5
00:35:40,1,3.4
00:36:10,1,3.5
00:36:40,1,3.5
00:37:10,1,3.6
00:37:40,1,3.5
00:38:10,1,3.6
00:38:40,1,3.5
00:39:10,1,3.6
00:39:40,1,2
00:40:10,1,3
00:40:40,1,2
00:41:10,1,2
00:41:40,1,3.6
00:42:10,1,3.6
00:42:40,1,2
00:43:10,1,3.5
00:43:40,1,3.6
00:44:10,1,3.6
00:44:40,1,3.6
00:45:10,1,2
00:45:40,1,3.6
00:46:10,1,3.6
00:46:40,1,2
00:47:10,1,2
00:47:40,1,3.6
00:48:10,1,2.7
00:48:40,1,3.6
00:49:10,1,3.6
00:49:40,1,3.6
00:50:10,1,3.5
00:50:40,1,3.6
00:51:10,1,2
00:51:40,1,2
00:52:10,1,3.6
00:52:40,1,3.1
00:53:10,1,3.6
00:53:40,1,3.6
00:54:10,1,2
00:54:40,1,2
00:55:10,1,3.5
00:55:40,1,2
00:56:10,1,2
00:56:40,1,3.5
00:57:10,1,3.5
00:57:40,1,3.6
00:58:10,1,3.6
00:58:40,1,3.6
00:59:10,1,2
00:59:40,1,2
01:00:10,1,3.5
01:00:40,1,33.4
01:01:10,1,32
01:01:40,1,3.5
01:02:10,1,2
01:02:40,1,3.6
01:03:10,1,3.5
01:03:40,1,3.6
01:04:10,1,3.6
01:04:40,1,2
01:05:10,1,3.6
01:05:40,1,2
01:06:10,1,2
01:06:40,1,2
01:07:10,1,2.6
01:07:40,1,2
01:08:10,1,3.5
01:08:40,1,3.6
01:09:10,1,3.6
01:09:40,1,3.5
01:10:10,1,3.5
01:10:40,1,2
01:11:10,1,3.2
01:11:40,1,2
01:12:10,1,2
01:12:40,1,3.5
01:13:10,1,3.6
01:13:40,1,3.6
01:14:10,1,3.5
01:14:40,1,3.5
01:15:10,1,2
01:15:40,1,2
01:16:10,1,3.5
01:16:40,1,2
01:17:10,1,3.6
01:17:40,1,3.6
01:18:10,1,2.7
01:18:40,1,3.6
01:19:10,1,3.6
01:19:40,1,2
01:20:10,1,2
01:20:40,1,3.6
01:21:10,1,3.5
01:21:40,1,3.5
01:22:10,1,3.6
01:22:40,1,2
01:23:10,1,2
01:23:40,1,1.9
01:24:10,1,3.5
01:24:40,1,3.6
01:25:10,1,3.6
01:25:40,1,3.5
01:26:10,1,3.5
01:26:40,1,2
01:27:10,1,2
01:27:40,1,2.5
01:28:10,1,2
01:28:40,1,3.6
01:29:10,1,3.6
01:29:40,1,2
01:30:10,1,2.7
01:30:40,1,3.6
01:31:10,1,2
01:31:40,1,2
01:32:10,1,3.5
01:32:40,1,3.5
01:33:10,1,3.5
01:33:40,1,3.6
01:34:10,1,2
01:34:40,1,2
01:35:10,1,2
01:35:40,1,3.5
01:36:10,1,3.5
01:36:40,1,3.6
01:37:10,1,3.5
01:37:40,1,2
01:38:10,1,2
01:38:40,1,2
01:39:10,1,3.6
01:39:40,1,3.5
01:40:10,1,3.5
01:40:40,1,3.5
01:41:10,1,2
01:41:40,1,2
01:42:10,1,3.6
01:42:40,1,3.6
01:43:10,1,3.5
01:43:40,1,3.6
01:44:10,1,3.5
01:44:40,1,2
01:45:10,1,2.1
01:45:40,1,2
01:46:10,1,2
01:46:40,1,3.6
01:47:10,1,3.6
01:47:40,1,3.5
01:48:10,1,3.4
01:48:40,1,3.6
01:49:10,1,2.1
01:49:40,1,2
01:50:10,1,2
01:50:40,1,3.6
01:51:10,1,3.6
01:51:40,1,3.5
01:52:10,1,3.6
01:52:40,1,2.1
01:53:10,1,2
01:53:40,1,3.6
01:54:10,1,3.6
01:54:40,1,3.6
01:55:10,1,3.5
01:55:40,1,3.6
01:56:10,1,2
01:56:40,1,2
01:57:10,1,3.6
01:57:40,1,3.5
01:58:10,1,3.6
01:58:40,1,3.5
01:59:10,1,3.5
01:59:40,1,2.2
02:00:10,1,3.6
02:00:40,1,2
02:01:10,1,2
02:01:40,1,3.6
02:02:10,1,3.5
02:02:40,1,3.1
02:03:10,1,3.6
02:03:40,1,2
02:04:10,1,2
02:04:40,1,2
02:05:10,1,3.6
02:05:40,1,3.5
02:06:10,1,3.6
02:06:40,1,3.6
02:07:10,1,3.6
02:07:40,1,2.1
02:08:10,1,2
02:08:40,1,3.6
02:09:10,1,3.6
02:09:40,1,3.6
02:10:10,1,3.6
02:10:40,1,2.1
02:11:10,1,2
02:11:40,1,2
02:12:10,1,3.5
02:12:40,1,3.6
02:13:10,1,3.6
02:13:40,1,3.6
02:14:10,1,2
02:14:40,1,2
02:15:10,1,3.6
02:15:40,1,3.6
02:16:10,1,3.6
02:16:40,1,3.6
02:17:10,1,3.6
02:17:40,1,2.1
02:18:10,1,2
02:18:40,1,3.5
02:19:10,1,3.5
02:19:40,1,3.6
02:20:10,1,3.6
02:20:40,1,3.5
02:21:10,1,2
02:21:40,1,2
02:22:10,1,3.6
02:22:40,1,3.6
02:23:10,1,3.5
02:23:40,1,3.5
02:24:10,1,3.5
02:24:40,1,2
02:25:10,1,2
02:25:40,1,3.5
02:26:10,1,3.6
02:26:40,1,3.6
02:27:10,1,3.5
02:27:40,1,3.6
02:28:10,1,2
02:28:40,1,2
02:29:10,1,3.6
02:29:40,1,3.5
02:30:10,1,3.6
02:30:40,1,3.6
02:31:10,1,3.6
02:31:40,1,2
02:32:10,1,2.1
02:32:40,1,3.5
02:33:10,1,3.6
02:33:40,1,3.6
02:34:10,1,3.6
02:34:40,1,2
02:35:10,1,2.1
02:35:40,1,2
02:36:10,1,3.6
02:36:40,1,3.6
02:37:10,1,3.6
02:37:40,1,3.6
02:38:10,1,2
02:38:40,1,2.1
02:39:10,1,3.6
02:39:40,1,3.5
02:40:10,1,3.6
02:40:40,1,3.6
02:41:10,1,3.5
02:41:40,1,2
02:42:10,1,2
02:42:40,1,3.5
02:43:10,1,3.5
02:43:40,1,3.6
02:44:10,1,3.6
02:44:40,1,3.6
02:45:10,1,2.1
02:45:40,1,2
02:46:10,1,3.6
02:46:40,1,3.6
02:47:10,1,3.6
02:47:40,1,3.6
02:48:10,1,3.6
02:48:40,1,2
02:49:10,1,2
02:49:40,1,3.6
02:50:10,1,3.6
02:50:40,1,3.6
02:51:10,1,3.6
02:51:40,1,2.1
02:52:10,1,2
02:52:40,1,2
02:53:10,1,3.6
02:53:40,1,3.6
02:54:10,1,3.6
02:54:40,1,3.7
02:55:10,1,2
02:55:40,1,2
02:56:10,1,2
02:56:40,1,3.6
02:57:10,1,3.6
02:57:40,1,3.5
02:58:10,1,3.6
02:58:40,1,2
02:59:10,1,2.1
02:59:40,1,2
03:00:10,1,3.6
03:00:40,1,3.6
03:01:10,1,3.5
03:01:40,1,45.4
03:02:10,1,36.4
03:02:40,1,37.1
03:03:10,1,35.4
03:03:40,1,37.5
03:04:10,1,37.1
03:04:40,1,37.7
03:05:10,1,36.9
03:05:40,1,43.4
03:06:10,1,35.5
03:06:40,1,38.3
03:07:10,1,36.5
03:07:40,1,36.3
03:08:10,1,37.3
03:08:40,1,36.7
03:09:10,1,61
03:09:40,1,40.9
03:10:10,1,38.9
03:10:40,1,36
03:11:10,1,36.1
03:11:40,1,35.8
03:12:10,1,44.3
03:12:40,1,37.9
03:13:10,1,34.9
03:13:40,1,34.7
03:14:10,1,32.3
03:14:40,1,2
03:15:10,1,3.6
03:15:40,1,3.6
03:16:10,1,3
03:16:40,1,3.6
03:17:10,1,3.6
03:17:40,1,2.1
03:18:10,1,2.4
03:18:40,1,3.7
03:19:10,1,3.6
03:19:40,1,2.1
03:20:10,1,2
03:20:40,1,3.6
03:21:10,1,3.6
03:21:40,1,3.6
03:22:10,1,2
03:22:40,1,3.6
03:23:10,1,2
03:23:40,1,2.1
03:24:10,1,3.6
03:24:40,1,2
03:25:10,1,3.6
03:25:40,1,3.6
03:26:10,1,3.6
03:26:40,1,3.6
03:27:10,1,3.6
03:27:40,1,3.6
03:28:10,1,3.6
03:28:40,1,3.6
03:29:10,1,3.6
03:29:40,1,3.6
03:30:10,1,3.6
03:30:40,1,3.6
03:31:10,1,3.6
03:31:40,1,3.6
03:32:10,1,3.5
03:32:40,1,3.6
03:33:10,1,3.6
03:33:40,1,3.6
03:34:10,1,2.1
03:34:40,1,3.6
03:35:10,1,2.1
03:35:40,1,2
03:36:10,1,2.1
03:36:40,1,2
03:37:10,1,2
03:37:40,1,2
03:38:10,1,2.1
03:38:40,1,3.6
03:39:10,1,3.6
03:39:40,1,3.6
03:40:10,1,3.6
03:40:40,1,3.6
03:41:10,1,3.6
03:41:40,1,3.6
03:42:10,1,2
03:42:40,1,3.6
03:43:10,1,2
03:43:40,1,2
03:44:10,1,3.5
03:44:40,1,3.5
03:45:10,1,2
03:45:40,1,3.6
03:46:10,1,3.6
03:46:40,1,3.6
03:47:10,1,3.6
03:47:40,1,2
03:48:10,1,2.1
03:48:40,1,2
03:49:10,1,2.1
03:49:40,1,2
03:50:10,1,3.6
03:50:40,1,3.7
03:51:10,1,3.6
03:51:40,1,3.5
03:52:10,1,3.6
03:52:40,1,3.3
03:53:10,1,3.5
03:53:40,1,2.1
03:54:10,1,2.1
03:54:40,1,3.6
03:55:10,1,3.6
03:55:40,1,3.6
03:56:10,1,3.6
03:56:40,1,3.6
03:57:10,1,2.1
03:57:40,1,2.2
03:58:10,1,2
03:58:40,1,2
03:59:10,1,3.6
03:59:40,1,3.5
04:00:10,1,2
04:00:40,1,3
04:01:10,1,3.6
04:01:40,1,2
04:02:10,1,2
04:02:40,1,3.6
04:03:10,1,3.6
04:03:40,1,3.6
04:04:10,1,3.6
04:04:40,1,2.1
04:05:10,1,2.1
04:05:40,1,2.1
04:06:10,1,3.6
04:06:40,1,3.6
04:07:10,1,3.6
04:07:40,1,3.5
04:08:10,1,2
04:08:40,1,2
04:09:10,1,2.1
04:09:40,1,3.6
04:10:10,1,3.5
04:10:40,1,3.6
04:11:10,1,3.6
04:11:40,1,2
04:12:10,1,2.1
04:12:40,1,3.6
04:13:10,1,3.6
04:13:40,1,3.6
04:14:10,1,3.6
04:14:40,1,3.6
04:15:10,1,2
04:15:40,1,2
04:16:10,1,3.6
04:16:40,1,3.6
04:17:10,1,3.6
04:17:40,1,3.6
04:18:10,1,3.6
04:18:40,1,2
04:19:10,1,2
04:19:40,1,3.6
04:20:10,1,3.6
04:20:40,1,58.4
04:21:10,1,32.9
04:21:40,1,33.4
04:22:10,1,3.6
04:22:40,1,3.6
04:23:10,1,3.6
04:23:40,1,3.6
04:24:10,1,2.1
04:24:40,1,3.6
04:25:10,1,3.6
04:25:40,1,2
04:26:10,1,2.1
04:26:40,1,2.4
04:27:10,1,2
04:27:40,1,3.6
04:28:10,1,3.6
04:28:40,1,3.6
04:29:10,1,3.6
04:29:40,1,3.6
04:30:10,1,2
04:30:40,1,3.4
04:31:10,1,2.1
04:31:40,1,2
04:32:10,1,3.6
04:32:40,1,3.6
04:33:10,1,3.6
04:33:40,1,3.6
04:34:10,1,3.6
04:34:40,1,2
04:35:10,1,3.2
04:35:40,1,2.1
04:36:10,1,2.1
04:36:40,1,3.6
04:37:10,1,3.6
04:37:40,1,3.6
04:38:10,1,3.6
04:38:40,1,3.6
04:39:10,1,2
04:39:40,1,68.3
04:40:10,1,48.7
04:40:40,1,47.2
04:41:10,1,46.6
04:41:40,1,47.4
04:42:10,1,47.2
04:42:40,1,30.3
04:43:10,1,3.3
04:43:40,1,2
04:44:10,1,2.1
04:44:40,1,2
04:45:10,1,2
04:45:40,1,2
04:46:10,1,2.1
04:46:40,1,2.1
04:47:10,1,2
04:47:40,1,2.1
04:48:10,1,2
04:48:40,1,2
04:49:10,1,2
04:49:40,1,2.1
04:50:10,1,2.1
04:50:40,1,3.6
04:51:10,1,2.1
04:51:40,1,3.7
04:52:10,1,3.6
04:52:40,1,3.6
04:53:10,1,3.6
04:53:40,1,3.6
04:54:10,1,3.6
04:54:40,1,3.6
04:55:10,1,2
04:55:40,1,3.5
04:56:10,1,2
04:56:40,1,2
04:57:10,1,3.6
04:57:40,1,3.5
04:58:10,1,2.1
04:58:40,1,3.6
04:59:10,1,3.5
04:59:40,1,3.6
05:00:10,1,3.7
05:00:40,1,2.1
05:01:10,1,2.1
05:01:40,1,2.3
05:02:10,1,2.1
05:02:40,1,2
05:03:10,1,3.6
05:03:40,1,3.6
05:04:10,1,3.6
05:04:40,1,3.6
05:05:10,1,2
05:05:40,1,2
05:06:10,1,2
05:06:40,1,3.6
05:07:10,1,3.6
05:07:40,1,3.6
05:08:10,1,3.6
05:08:40,1,2
05:09:10,1,2.7
05:09:40,1,2.1
05:10:10,1,2
05:10:40,1,2
05:11:10,1,3.6
05:11:40,1,3.6
05:12:10,1,3.6
05:12:40,1,3.6
05:13:10,1,50.4
05:13:40,1,34.5
05:14:10,1,2
05:14:40,1,3.6
05:15:10,1,2.8
05:15:40,1,3.6
05:16:10,1,3.5
05:16:40,1,3.6
05:17:10,1,3.7
05:17:40,1,2
05:18:10,1,2
05:18:40,1,2.7
05:19:10,1,2.1
05:19:40,1,2
05:20:10,1,3.6
05:20:40,1,3.6
05:21:10,1,3.6
05:21:40,1,3.6
05:22:10,1,3.6
05:22:40,1,2.3
05:23:10,1,3.6
05:23:40,1,2
05:24:10,1,2
05:24:40,1,3.6
05:25:10,1,3.6
05:25:40,1,3.6
05:26:10,1,3.6
05:26:40,1,3.6
05:27:11,1,2.1
05:27:40,1,2
05:28:10,1,3.6
05:28:40,1,3.6
05:29:10,1,3.6
05:29:41,1,3.6
05:30:10,1,52.8
05:30:40,1,33
05:31:10,1,2
05:31:41,1,2
05:32:11,1,2
05:32:41,1,3.6
05:33:10,1,3.7
05:33:41,1,3.6
05:34:11,1,3.6
05:34:41,1,3.6
05:35:10,1,3.6
05:35:41,1,3.6
05:36:11,1,2.1
05:36:41,1,2
05:37:11,1,3.6
05:37:41,1,2.9
05:38:11,1,3.5
05:38:41,1,3.6
05:39:10,1,3.6
05:39:41,1,3.6
05:40:11,1,3.6
05:40:40,1,2
05:41:11,1,2
05:41:41,1,3.6
05:42:11,1,3.5
05:42:41,1,2.8
05:43:11,1,3.6
05:43:40,1,3.5
05:44:11,1,2.3
05:44:41,1,3.6
05:45:11,1,2
05:45:41,1,2.1
05:46:11,1,3.5
05:46:40,1,3.6
05:47:11,1,3.5
05:47:40,1,3.6
05:48:11,1,3.6
05:48:41,1,1.9
05:49:11,1,34.1
05:49:41,1,3.5
05:50:11,1,2
05:50:40,1,2
05:51:10,1,2.3
05:51:40,1,2
05:52:10,1,3.6
05:52:41,1,3.6
05:53:11,1,3.6
05:53:40,1,3.5
05:54:10,1,3.6
05:54:41,1,2
05:55:10,1,3.5
05:55:40,1,2
05:56:11,1,2
05:56:41,1,3.6
05:57:11,1,3.6
05:57:41,1,3.6
05:58:10,1,3.6
05:58:41,1,3.6
05:59:11,1,2
05:59:41,1,3.3
06:00:11,1,2
06:00:40,1,2.1
06:01:10,1,3.6
06:01:41,1,3.6
06:02:11,1,3.6
06:02:41,1,3.5
06:03:11,1,3.6
06:03:41,1,2.1
06:04:11,1,2
06:04:41,1,3.6
06:05:11,1,3.5
06:05:41,1,3.6
06:06:11,1,3.6
06:06:41,1,3.6
06:07:11,1,2
06:07:41,1,3.1
06:08:11,1,2
06:08:41,1,2
06:09:11,1,3.6
06:09:41,1,3.5
06:10:11,1,3.4
06:10:41,1,3.6
06:11:11,1,3.5
06:11:41,1,2
06:12:11,1,2
06:12:41,1,3.6
06:13:11,1,3.6
06:13:41,1,3.5
06:14:11,1,3.6
06:14:41,1,3.5
06:15:11,1,2
06:15:41,1,2.1
06:16:11,1,3.5
06:16:41,1,3.6
06:17:11,1,3.6
06:17:41,1,3.6
06:18:11,1,2
06:18:41,1,2
06:19:11,1,3.6
06:19:41,1,3.5
06:20:11,1,2.1
06:20:41,1,3.5
06:21:11,1,3.6
06:21:41,1,2
06:22:11,1,2.1
06:22:41,1,3
06:23:11,1,2
06:23:41,1,2
06:24:11,1,3.5
06:24:41,1,3.6
06:25:11,1,2.2
06:25:41,1,3.7
06:26:11,1,2
06:26:41,1,2
06:27:11,1,2
06:27:41,1,3.6
06:28:11,1,3.6
06:28:41,1,3.5
06:29:11,1,3.6
06:29:41,1,2
06:30:11,1,2
06:30:41,1,3.6
06:31:11,1,3.6
06:31:41,1,3.6
06:32:11,1,3.5
06:32:41,1,3.5
06:33:11,1,2
06:33:41,1,2
06:34:11,1,3.5
06:34:41,1,3.5
06:35:11,1,3.6
06:35:41,1,3.5
06:36:11,1,3.5
06:36:41,1,2
06:37:11,1,2
06:37:41,1,3.6
06:38:11,1,3.6
06:38:41,1,3.5
06:39:11,1,3.6
06:39:41,1,3.6
06:40:11,1,2
06:40:41,1,2.1
06:41:11,1,3.6
06:41:41,1,3.6
06:42:11,1,3.5
06:42:41,1,3.5
06:43:11,1,2
06:43:41,1,2
06:44:11,1,2
06:44:41,1,3.6
06:45:11,1,3.6
06:45:41,1,3.5
06:46:11,1,3.6
06:46:41,1,3.6
06:47:11,1,2
06:47:41,1,2
06:48:11,1,3.6
06:48:41,1,3.6
06:49:11,1,3.6
06:49:41,1,3.5
06:50:11,1,2
06:50:41,1,2
06:51:11,1,2
06:51:41,1,3.6
06:52:11,1,3.6
06:52:41,1,3.5
06:53:11,1,3.5
06:53:41,1,2
06:54:11,1,2
06:54:41,1,3.5
06:55:11,1,3.5
06:55:41,1,3.5
06:56:11,1,3.6
06:56:41,1,3.5
06:57:11,1,2
06:57:41,1,2
06:58:11,1,3.6
06:58:41,1,3.5
06:59:11,1,3.5
06:59:41,1,3.6
07:00:11,1,3.6
07:00:41,1,2
07:01:11,1,2.1
07:01:41,1,3.5
07:02:11,1,3.6
07:02:41,1,3.5
07:03:11,1,3.6
07:03:41,1,3.5
07:04:11,1,2
07:04:41,1,2
07:05:11,1,3.6
07:05:41,1,3.5
07:06:11,1,3.5
07:06:41,1,3.6
07:07:11,1,2
07:07:41,1,2
07:08:11,1,2
07:08:41,1,3.5
07:09:11,1,3.6
07:09:41,1,3.2
07:10:11,1,3.6
07:10:41,1,2
07:11:11,1,2
07:11:41,1,3.6
07:12:11,1,3.5
07:12:41,1,3.5
07:13:11,1,2.1
07:13:41,1,2.9
07:14:11,1,1.9
07:14:41,1,2
07:15:11,1,2
07:15:41,1,3.6
07:16:11,1,3.6
07:16:41,1,2
07:17:11,1,2.5
07:17:41,1,2.7
07:18:11,1,2
07:18:41,1,3.6
07:19:11,1,3.5
07:19:41,1,3.6
07:20:11,1,1.9
07:20:41,1,2
07:21:11,1,2.7
07:21:41,1,2
07:22:11,1,3.5
07:22:41,1,3.5
07:23:11,1,2
07:23:41,1,2
07:24:11,1,2.5
07:24:41,1,2
07:25:11,1,2
07:25:41,1,3.6
07:26:11,1,3.6
07:26:41,1,2
07:27:11,1,2
07:27:41,1,2.2
07:28:11,1,2.4
07:28:41,1,2
07:29:11,1,3.5
07:29:41,1,3.5
07:30:11,1,2
07:30:41,1,2
07:31:11,1,3.3
07:31:41,1,2
07:32:11,1,2
07:32:41,1,3.6
07:33:11,1,3.5
07:33:41,1,2
07:34:11,1,3.1
07:34:41,1,2
07:35:11,1,2
07:35:41,1,3.5
07:36:11,1,3.5
07:36:41,1,3.5
07:37:11,1,2.6
07:37:41,1,3.3
07:38:11,1,2
07:38:41,1,2
07:39:11,1,3.6
07:39:41,1,3.5
07:40:11,1,2
07:40:41,1,2.6
07:41:11,1,3.5
07:41:41,1,2
07:42:11,1,2
07:42:41,1,3.5
07:43:11,1,3.6
07:43:41,1,2.3
07:44:11,1,3.5
07:44:41,1,3.5
07:45:11,1,2
07:45:41,1,2
07:46:11,1,3.5
07:46:41,1,3.5
07:47:11,1,3.5
07:47:41,1,3.5
07:48:11,1,3.5
07:48:41,1,2
07:49:11,1,2
07:49:41,1,34.8
07:50:11,1,32.7
07:50:41,1,3.5
07:51:11,1,3.5
07:51:41,1,3.6
07:52:11,1,3.6
07:52:41,1,3.6
07:53:11,1,3.6
07:53:41,1,3.6
07:54:11,1,2
07:54:41,1,2.1
07:55:11,1,2
07:55:41,1,1.9
07:56:11,1,1.9
07:56:41,1,3.6
07:57:11,1,3.5
07:57:41,1,3.5
07:58:11,1,3.5
07:58:41,1,2
07:59:11,1,3.4
07:59:41,1,2
08:00:11,1,1.9
08:00:41,1,2
08:01:11,1,3.5
08:01:41,1,3.5
08:02:11,1,3.5
08:02:41,1,3.5
08:03:11,1,2
08:03:41,1,3.5
08:04:11,1,2
08:04:41,1,2
08:05:11,1,2
08:05:41,1,3.5
08:06:11,1,3.5
08:06:41,1,3.5
08:07:11,1,3.5
08:07:41,1,3.5
08:08:11,1,2
08:08:41,1,2
08:09:11,1,2
08:09:41,1,2
08:10:11,1,3.5
08:10:41,1,3.5
08:11:11,1,3.6
08:11:41,1,61.2
08:12:11,1,53.3
08:12:41,1,51
08:13:11,1,53.2
08:13:41,1,57
08:14:11,1,47.7
08:14:41,1,47.8
08:15:11,1,47.6
08:15:41,1,47.9
08:16:11,1,46.5
08:16:41,1,47.8
08:17:11,1,46.3
08:17:41,1,65.8
08:18:11,1,48.6
08:18:41,1,83.8
08:19:11,1,58.5
08:19:41,1,47.9
08:20:11,1,92.7
08:20:41,1,68.9
08:21:11,1,56.9
08:21:41,1,54.4
08:22:11,1,66.2
08:22:41,1,48.2
08:23:11,1,65.8
08:23:41,1,68.8
08:24:11,1,48.3
08:24:41,1,88.8
08:25:11,1,47.6
08:25:41,1,52.8
08:26:11,1,45.8
08:26:41,1,46.7
08:27:11,1,46.3
08:27:41,1,48.1
08:28:11,1,51.4
08:28:41,1,46.4
08:29:11,1,46.2
08:29:41,1,46.1
08:30:11,1,46.1
08:30:41,1,52.8
08:31:11,1,45.2
08:31:41,1,46.5
08:32:11,1,46.9
08:32:41,1,65.6
08:33:11,1,48.4
08:33:41,1,46.1
08:34:11,1,47.2
08:34:41,1,46.6
08:35:11,1,45.2
08:35:41,1,45.3
08:36:11,1,47.5
08:36:41,1,48.8
08:37:11,1,56.7
08:37:41,1,76.2
08:38:11,1,93.4
08:38:41,1,48
08:39:11,1,48.2
08:39:41,1,47.5
08:40:11,1,46.1
08:40:41,1,47.9
08:41:11,1,50.2
08:41:41,1,48.6
08:42:11,1,46.5
08:42:41,1,46.3
08:43:11,1,48.1
08:43:41,1,46.1
08:44:11,1,46.4
08:44:41,1,45.4
08:45:11,1,46.6
08:45:41,1,46.4
08:46:11,1,46
08:46:41,1,46
08:47:11,1,46.2
08:47:41,1,46.4
08:48:11,1,52.8
08:48:41,1,45.1
08:49:11,1,64.9
08:49:41,1,46.4
08:50:11,1,46.3
08:50:41,1,46.4
08:51:11,1,46.9
08:51:41,1,73.7
08:52:11,1,46.3
08:52:41,1,46.5
08:53:11,1,46.1
08:53:41,1,46.1
08:54:11,1,46.1
08:54:41,1,46.7
08:55:11,1,46.5
08:55:41,1,46.3
08:56:11,1,46.3
08:56:41,1,50.3
08:57:11,1,46.1
08:57:41,1,73.2
08:58:11,1,46.2
08:58:41,1,46.1
08:59:11,1,44.9
08:59:41,1,44.9
09:00:11,1,46.2
09:00:41,1,46.1
09:01:11,1,46.3
09:01:41,1,47.5
09:02:11,1,47.4
09:02:41,1,47.7
09:03:11,1,49.7
09:03:41,1,53.4
09:04:11,1,46.6
09:04:41,1,48.3
09:05:11,1,47.2
09:05:41,1,46.4
09:06:11,1,46.6
09:06:41,1,46.1
09:07:11,1,46.1
09:07:41,1,46.1
09:08:11,1,35.6
09:08:41,1,3.6
09:09:11,1,2
09:09:41,1,3.5
09:10:11,1,3.5
09:10:41,1,3.6
09:11:11,1,2
09:11:41,1,1.9
09:12:11,1,3.5
09:12:41,1,3.5
09:13:11,1,2
09:13:41,1,2
09:14:11,1,3.2
09:14:41,1,3.5
09:15:11,1,3.5
09:15:41,1,2
09:16:11,1,3.6
09:16:41,1,1.9
09:17:11,1,3.5
09:17:41,1,3.5
09:18:11,1,3.5
09:18:41,1,3.5
09:19:11,1,2
09:19:41,1,3.5
09:20:11,1,1.9
09:20:41,1,2
09:21:11,1,3.5
09:21:41,1,3.5
09:22:11,1,3.5
09:22:41,1,3.5
09:23:11,1,3.5
09:23:41,1,52.8
09:24:11,1,46.6
09:24:41,1,73
09:25:11,1,52.6
09:25:41,1,73.6
09:26:11,1,99.6
09:26:41,1,74.8
09:27:11,1,73
09:27:41,1,49.2
09:28:11,1,74
09:28:41,1,48
09:29:11,1,46.4
09:29:41,1,67.8
09:30:11,1,68.3
09:30:41,1,73.2
09:31:11,1,49.8
09:31:41,1,47.9
09:32:11,1,48.1
09:32:41,1,48.5
09:33:11,1,48.1
09:33:41,1,49.8
09:34:11,1,49
09:34:41,1,47.1
09:35:11,1,49.4
09:35:41,1,48.7
09:36:11,1,76
09:36:41,1,48.6
09:37:11,1,48.4
09:37:41,1,47.2
09:38:11,1,50.3
09:38:41,1,54.2
09:39:11,1,78.8
09:39:41,1,50.6
09:40:11,1,52.7
09:40:41,1,80.2
09:41:11,1,73.8
09:41:41,1,70.2
09:42:11,1,64.4
09:42:41,1,54.7
09:43:11,1,46.6
09:43:41,1,48.8
09:44:11,1,50.9
09:44:41,1,50.9
09:45:11,1,46.9
09:45:41,1,46.9
09:46:11,1,47.2
09:46:41,1,46.8
09:47:11,1,45.1
09:47:41,1,48.3
09:48:11,1,45.2
09:48:41,1,45.6
09:49:11,1,47.4
09:49:41,1,46.2
09:50:11,1,49.5
09:50:41,1,47.2
09:51:11,1,47.3
09:51:41,1,51.7
09:52:11,1,48.2
09:52:41,1,63.3
09:53:11,1,45.6
09:53:41,1,46.1
09:54:11,1,46.7
09:54:41,1,46.5
09:55:11,1,46
09:55:41,1,46.3
09:56:11,1,48.9
09:56:41,1,47.4
09:57:11,1,46.4
09:57:41,1,45.6
09:58:11,1,45.9
09:58:41,1,46.8
09:59:11,1,48.6
09:59:41,1,46.2
10:00:11,1,53.3
10:00:41,1,46.5
10:01:11,1,45.5
10:01:41,1,45.1
10:02:11,1,47.8
10:02:41,1,48.2
10:03:11,1,46.7
10:03:41,1,47.9
10:04:11,1,48.7
10:04:41,1,45.1
10:05:11,1,48.6
10:05:41,1,46.1
10:06:11,1,48.6
10:06:41,1,46.3
10:07:11,1,56.8
10:07:41,1,48.7
10:08:11,1,47.1
10:08:41,1,46
10:09:11,1,46.7
10:09:41,1,45.4
10:10:11,1,46.4
10:10:41,1,47.3
10:11:11,1,46.1
10:11:41,1,47.5
10:12:11,1,47.1
10:12:41,1,45.7
10:13:11,1,47.6
10:13:41,1,46.9
10:14:11,1,45
10:14:41,1,46.2
10:15:11,1,48.5
10:15:41,1,46.7
10:16:11,1,46.1
10:16:41,1,46.6
10:17:11,1,46.5
10:17:41,1,46
10:18:11,1,46.7
10:18:41,1,46.4
10:19:11,1,60.2
10:19:41,1,46.4
10:20:11,1,46.1
10:20:41,1,46.4
10:21:11,1,46.3
10:21:41,1,46.3
10:22:11,1,46.1
10:22:41,1,53
10:23:11,1,46.2
10:23:41,1,46.6
10:24:11,1,68.3
10:24:41,1,49.3
10:25:11,1,49.2
10:25:41,1,47.4
10:26:11,1,54.7
10:26:41,1,49.6
10:27:11,1,54.8
10:27:41,1,47.7
10:28:11,1,47.2
10:28:41,1,45.1
10:29:11,1,48
10:29:41,1,49
10:30:11,1,47.5
10:30:41,1,46.1
10:31:11,1,46.5
10:31:41,1,58.5
10:32:11,1,46.6
10:32:41,1,48.2
10:33:11,1,44.6
10:33:41,1,48.8
10:34:11,1,47.3
10:34:41,1,44.9
10:35:11,1,44.8
10:35:41,1,46.4
10:36:11,1,44.9
10:36:41,1,48.1
10:37:11,1,46.1
10:37:41,1,46.7
10:38:11,1,45.2
10:38:41,1,63.3
10:39:11,1,45.3
10:39:41,1,45.6
10:40:11,1,47.7
10:40:41,1,47
10:41:11,1,48.8
10:41:41,1,46.9
10:42:11,1,45.2
10:42:41,1,45
10:43:11,1,45.7
10:43:41,1,49.9
10:44:11,1,30.5
10:44:41,1,30.3
10:45:11,1,3.4
10:45:41,1,3.5
10:46:11,1,3.5
10:46:41,1,2.2
10:47:11,1,3.5
10:47:41,1,3.5
10:48:11,1,2
10:48:41,1,2
10:49:11,1,3.6
10:49:41,1,2.4
10:50:11,1,3.5
10:50:41,1,2.4
10:51:11,1,3.5
10:51:41,1,2
10:52:11,1,2
10:52:41,1,3.5
10:53:11,1,3.1
10:53:41,1,3.5
10:54:11,1,3.5
10:54:41,1,3.5
10:55:11,1,2
10:55:41,1,2.5
10:56:11,1,1.9
10:56:41,1,2
10:57:11,1,2
10:57:41,1,2
10:58:11,1,3.5
10:58:41,1,1.9
10:59:11,1,3.5
10:59:41,1,3.5
11:00:11,1,3.6
11:00:41,1,3.5
11:01:11,1,3.5
11:01:41,1,3.5
11:02:11,1,3.3
11:02:41,1,3.5
11:03:11,1,2
11:03:41,1,3.5
11:04:11,1,3.5
11:04:41,1,3.5
11:05:11,1,3.5
11:05:41,1,3.2
11:06:11,1,3.5
11:06:41,1,2
11:07:11,1,3.5
11:07:41,1,3.5
11:08:11,1,2
11:08:41,1,3.5
11:09:11,1,2
11:09:41,1,2
11:10:11,1,1.9
11:10:41,1,2
11:11:11,1,3.4
11:11:41,1,2
11:12:11,1,2
11:12:41,1,2.9
11:13:11,1,2
11:13:41,1,3.5
11:14:11,1,3.6
11:14:41,1,3.5
11:15:11,1,41.1
11:15:41,1,37.6
11:16:11,1,3.5
11:16:41,1,3.5
11:17:11,1,3.5
11:17:41,1,3.5
11:18:11,1,3.5
11:18:41,1,3.5
11:19:11,1,2
11:19:41,1,3.5
11:20:11,1,3.6
11:20:41,1,3.5
11:21:11,1,3.5
11:21:41,1,3.6
11:22:11,1,3.6
11:22:41,1,3.5
11:23:11,1,3.6
11:23:41,1,3.5
11:24:11,1,3.6
11:24:41,1,3.5
11:25:11,1,3.1
11:25:41,1,3.5
11:26:11,1,2
11:26:41,1,3.5
11:27:11,1,2
11:27:41,1,2
11:28:11,1,2
11:28:41,1,2
11:29:11,1,1.9
11:29:41,1,3.6
11:30:11,1,2
11:30:41,1,3.5
11:31:11,1,3.5
11:31:41,1,40.9
11:32:11,1,33.5
11:32:41,1,3.6
11:33:11,1,3.6
11:33:41,1,3.5
11:34:11,1,3.5
11:34:41,1,3.5
11:35:11,1,2
11:35:41,1,3.5
11:36:11,1,3.5
11:36:41,1,3.4
11:37:11,1,3.5
11:37:41,1,2
11:38:11,1,3.5
11:38:41,1,2
11:39:11,1,2
11:39:41,1,2
11:40:11,1,2
11:40:41,1,2
11:41:11,1,2
11:41:41,1,2
11:42:11,1,3.6
11:42:41,1,2
11:43:11,1,1.9
11:43:41,1,3.5
11:44:11,1,3.5
11:44:41,1,3.5
11:45:11,1,3.5
11:45:41,1,3.5
11:46:11,1,3.6
11:46:41,1,2
11:47:11,1,1.9
11:47:41,1,3.6
11:48:11,1,2
11:48:41,1,2
11:49:11,1,36.9
11:49:41,1,7.4
11:50:11,1,2
11:50:41,1,2
11:51:11,1,2
11:51:41,1,2
11:52:11,1,2
11:52:41,1,2
11:53:11,1,2
11:53:41,1,3.5
11:54:11,1,1.9
11:54:41,1,3.6
11:55:11,1,3.6
11:55:41,1,3.6
11:56:11,1,3.5
11:56:41,1,3.5
11:57:11,1,3.5
11:57:41,1,3.6
11:58:11,1,3.5
11:58:41,1,3.5
11:59:11,1,2
11:59:41,1,2.2
12:00:11,1,3.6
12:00:41,1,2
12:01:11,1,2
12:01:41,1,3.5
12:02:11,1,2.1
12:02:41,1,3.5
12:03:11,1,3.6
12:03:41,1,3.6
12:04:11,1,3.5
12:04:41,1,3.5
12:05:11,1,2.2
12:05:41,1,3.5
12:06:11,1,2
12:06:41,1,1.9
12:07:11,1,3.5
12:07:41,1,3.6
12:08:11,1,3.5
12:08:41,1,3.5
12:09:11,1,3.6
12:09:41,1,3.5
12:10:11,1,3.5
12:10:41,1,2
12:11:11,1,2
12:11:41,1,3
12:12:11,1,2
12:12:41,1,2
12:13:11,1,3.6
12:13:41,1,3.5
12:14:11,1,3.5
12:14:41,1,3.6
12:15:11,1,2
12:15:41,1,2
12:16:11,1,2
12:16:41,1,2.9
12:17:11,1,2
12:17:41,1,3.5
12:18:11,1,3.4
12:18:41,1,3.5
12:19:11,1,3.5
12:19:41,1,1.9
12:20:11,1,1.9
12:20:41,1,2
12:21:11,1,3.6
12:21:41,1,3.5
12:22:11,1,3.6
12:22:41,1,3.5
12:23:11,1,2
12:23:41,1,2.1
12:24:11,1,2
12:24:41,1,3.4
12:25:11,1,2.2
12:25:41,1,3.5
12:26:11,1,3.5
12:26:41,1,2.1
12:27:11,1,3.6
12:27:41,1,2
12:28:11,1,2
12:28:41,1,1.9
12:29:11,1,3.5
12:29:41,1,3.5
12:30:11,1,3.5
12:30:41,1,3.5
12:31:11,1,2
12:31:41,1,2
12:32:11,1,3.5
12:32:41,1,3.6
12:33:11,1,3.3
12:33:41,1,3.5
12:34:11,1,3.5
12:34:41,1,2
12:35:11,1,2.1
12:35:41,1,2.4
12:36:11,1,2
12:36:41,1,3.6
12:37:11,1,3.5
12:37:41,1,3.5
12:38:11,1,2.4
12:38:41,1,3.6
12:39:11,1,1.9
12:39:41,1,2
12:40:11,1,2
12:40:41,1,3.6
12:41:11,1,3.5
12:41:41,1,3.5
12:42:11,1,3.6
12:42:41,1,2
12:43:11,1,1.9
12:43:41,1,3.6
12:44:11,1,3.6
12:44:41,1,3.5
12:45:11,1,3.5
12:45:41,1,3.6
12:46:11,1,2
12:46:41,1,1.9
12:47:11,1,3
12:47:41,1,2.1
12:48:11,1,3.5
12:48:41,1,3.5
12:49:11,1,3.5
12:49:41,1,2
12:50:11,1,3.5
12:50:41,1,2
12:51:11,1,2
12:51:41,1,3.5
12:52:11,1,3.5
12:52:41,1,3.5
12:53:11,1,3.5
12:53:41,1,3.5
12:54:11,1,1.9
12:54:41,1,2
12:55:11,1,3.5
12:55:41,1,3.5
12:56:11,1,3.5
12:56:41,1,3.6
12:57:11,1,3.5
12:57:41,1,2
12:58:11,1,2
12:58:41,1,1.9
12:59:11,1,1.9
12:59:41,1,3.5
13:00:11,1,3.6
13:00:41,1,3.1
13:01:11,1,3.5
13:01:41,1,3.5
13:02:11,1,1.9
13:02:41,1,2
13:03:11,1,3.5
13:03:41,1,3.5
13:04:11,1,3.5
13:04:41,1,3.5
13:05:11,1,3.4
13:05:41,1,2
13:06:11,1,2
13:06:41,1,3.5
13:07:11,1,3.4
13:07:41,1,3.5
13:08:11,1,3.6
13:08:41,1,3.5
13:09:11,1,2
13:09:41,1,3.1
13:10:11,1,2
13:10:41,1,2
13:11:11,1,3.6
13:11:41,1,3.5
13:12:11,1,3.5
13:12:41,1,3.5
13:13:11,1,3.6
13:13:41,1,2
13:14:11,1,2
13:14:41,1,3.6
13:15:11,1,3.5
13:15:41,1,3.6
13:16:11,1,3.5
13:16:41,1,1.9
13:17:11,1,1.9
13:17:41,1,2
13:18:11,1,3.5
13:18:41,1,3.2
13:19:11,1,3.5
13:19:41,1,3.5
13:20:11,1,2.6
13:20:41,1,3.5
13:21:11,1,3.5
13:21:41,1,2
13:22:11,1,2
13:22:41,1,3.6
13:23:11,1,3.5
13:23:41,1,3.5
13:24:11,1,3.5
13:24:41,1,2
13:25:11,1,1.9
13:25:41,1,2
13:26:11,1,3.5
13:26:41,1,2.1
13:27:11,1,3.5
13:27:41,1,3.5
13:28:11,1,2.2
13:28:41,1,3.5
13:29:11,1,2
13:29:41,1,2
13:30:11,1,1.9
13:30:41,1,3.5
13:31:11,1,3.5
13:31:41,1,3.5
13:32:11,1,3.5
13:32:41,1,1.9
13:33:11,1,2
13:33:41,1,2.3
13:34:11,1,2
13:34:41,1,1.9
13:35:11,1,3.4
13:35:41,1,3.5
13:36:11,1,3.5
13:36:41,1,3.5
13:37:11,1,2
13:37:41,1,2
13:38:11,1,1.9
13:38:41,1,2.5
13:39:11,1,1.9
13:39:41,1,3.5
13:40:11,1,3.5
13:40:41,1,3.5
13:41:11,1,3.5
13:41:41,1,3.5
13:42:11,1,2
13:42:41,1,1.9
13:43:11,1,3.5
13:43:41,1,3.6
13:44:11,1,3.5
13:44:41,1,3.6
13:45:11,1,3.6
13:45:41,1,2
13:46:11,1,3.5
13:46:41,1,2
13:47:11,1,2
13:47:41,1,3.6
13:48:11,1,3.5
13:48:41,1,3.6
13:49:11,1,3.5
13:49:41,1,37.3
13:50:11,1,34.1
13:50:41,1,3.5
13:51:11,1,3.5
13:51:41,1,3.5
13:52:11,1,3.6
13:52:41,1,3.6
13:53:11,1,2
13:53:41,1,3.5
13:54:11,1,3.5
13:54:41,1,2
13:55:11,1,2
13:55:41,1,1.9
13:56:11,1,66
13:56:41,1,78.8
13:57:11,1,64.4
13:57:41,1,65.2
13:58:11,1,79.3
13:58:41,1,53.8
13:59:11,1,68.5
13:59:41,1,50.1
14:00:11,1,75.7
14:00:41,1,71.5
14:01:11,1,51.3
14:01:41,1,58.2
14:02:11,1,49.2
14:02:41,1,47.9
14:03:11,1,47.3
14:03:41,1,52.3
14:04:11,1,53.8
14:04:41,1,54.4
14:05:11,1,54.4
14:05:41,1,59.8
14:06:11,1,60.4
14:06:41,1,62.9
14:07:11,1,56
14:07:41,1,59.4
14:08:11,1,72.5
14:08:41,1,71.9
14:09:11,1,66.2
14:09:41,1,58.5
14:10:11,1,62.8
14:10:41,1,54
14:11:11,1,48.7
14:11:41,1,46.7
14:12:11,1,48.1
14:12:41,1,59.5
14:13:11,1,52
14:13:41,1,49.6
14:14:11,1,46.8
14:14:41,1,49.5
14:15:11,1,49.8
14:15:41,1,47.8
14:16:11,1,47.4
14:16:41,1,45.6
14:17:11,1,45.5
14:17:41,1,57.7
14:18:11,1,45.8
14:18:41,1,46.9
14:19:11,1,49.9
14:19:41,1,48.4
14:20:11,1,53.1
14:20:41,1,47.1
14:21:11,1,47.7
14:21:41,1,51.8
14:22:11,1,50.1
14:22:41,1,49.8
14:23:11,1,46.4
14:23:41,1,56
14:24:11,1,47
14:24:41,1,51
14:25:11,1,66.9
14:25:41,1,47.4
14:26:11,1,51
14:26:41,1,50.8
14:27:11,1,49.6
14:27:41,1,68
14:28:11,1,48.5
14:28:41,1,49.2
14:29:11,1,47.2
14:29:41,1,46.6
14:30:11,1,46.9
14:30:41,1,48.6
14:31:11,1,49.4
14:31:41,1,55
14:32:11,1,45.5
14:32:41,1,48.7
14:33:11,1,47.3
14:33:41,1,51.2
14:34:11,1,48
14:34:41,1,46.8
14:35:11,1,47.5
14:35:41,1,48.3
14:36:11,1,46.9
14:36:41,1,47.6
14:37:11,1,46.6
14:37:41,1,49.9
14:38:11,1,45.3
14:38:41,1,69.1
14:39:11,1,47.4
14:39:41,1,47.8
14:40:11,1,54.9
14:40:41,1,53.3
14:41:11,1,51.5
14:41:41,1,45.5
14:42:11,1,46.7
14:42:41,1,53.2
14:43:11,1,53.2
14:43:41,1,45.8
14:44:11,1,47.9
14:44:41,1,48.2
14:45:11,1,49.2
14:45:41,1,47.7
14:46:11,1,47.9
14:46:41,1,53.2
14:47:11,1,51.2
14:47:41,1,61.8
14:48:11,1,66.3
14:48:41,1,57
14:49:11,1,66.8
14:49:41,1,63.9
14:50:11,1,79.2
14:50:41,1,61.3
14:51:11,1,69.4
14:51:41,1,62.5
14:52:11,1,72.9
14:52:41,1,68.9
14:53:11,1,75.5
14:53:41,1,71.4
14:54:11,1,68.2
14:54:41,1,65.3
14:55:11,1,67.7
14:55:41,1,74.2
14:56:11,1,76.7
14:56:41,1,68.7
14:57:11,1,60.4
14:57:41,1,60.1
14:58:11,1,60.2
14:58:41,1,57.3
14:59:11,1,84.4
14:59:41,1,59.4
15:00:11,1,57.9
15:00:41,1,56.8
15:01:11,1,58.7
15:01:41,1,65.7
15:02:11,1,62.3
15:02:41,1,59.2
15:03:11,1,69.3
15:03:41,1,69
15:04:11,1,64.4
15:04:41,1,74.9
15:05:11,1,68.7
15:05:41,1,58.2
15:06:11,1,83.8
15:06:41,1,59.4
15:07:11,1,59.5
15:07:41,1,65.7
15:08:11,1,65.3
15:08:41,1,66.6
15:09:11,1,63
15:09:41,1,62.3
15:10:11,1,62.7
15:10:41,1,69.8
15:11:11,1,70.3
15:11:41,1,78.1
15:12:11,1,70.2
15:12:41,1,75.1
15:13:11,1,75.5
15:13:41,1,84
15:14:11,1,70.4
15:14:41,1,72.1
15:15:11,1,65.9
15:15:41,1,85.6
15:16:11,1,68.5
15:16:41,1,61.8
15:17:11,1,76.1
15:17:41,1,66.8
15:18:11,1,59.1
15:18:41,1,62
15:19:11,1,62.8
15:19:41,1,104.1
15:20:11,1,78.9
15:20:41,1,71.1
15:21:12,1,72.5
15:21:42,1,91.2
15:22:11,1,72.1
15:22:41,1,68.8
15:23:12,1,66.4
15:23:41,1,60.9
15:24:12,1,58.2
15:24:42,1,62.4
15:25:12,1,58.9
15:25:42,1,64.2
15:26:11,1,63.2
15:26:41,1,65.7
15:27:11,1,64.5
15:27:41,1,64.1
15:28:11,1,69.9
15:28:41,1,42.6
15:29:11,1,58.8
15:29:41,1,42.5
15:30:11,1,42.3
15:30:42,1,42.5
15:31:11,1,42.2
15:31:42,1,41.9
15:32:12,1,41.8
15:32:41,1,42.4
15:33:12,1,44.2
15:33:42,1,42
15:34:12,1,43.7
15:34:42,1,42.3
15:35:11,1,44.1
15:35:41,1,42.2
15:36:11,1,43.9
15:36:42,1,42.7
15:37:12,1,42.3
15:37:42,1,42.2
15:38:11,1,41.8
15:38:41,1,41.9
15:39:11,1,42
15:39:41,1,42.3
15:40:11,1,41.7
15:40:42,1,42.1
15:41:11,1,42.1
15:41:42,1,41.8
15:42:12,1,42
15:42:42,1,42.1
15:43:12,1,41.8
15:43:41,1,42.3
15:44:12,1,41.8
15:44:42,1,42.2
15:45:12,1,42.1
15:45:42,1,41.9
15:46:12,1,41.8
15:46:42,1,42.6
15:47:12,1,42.4
15:47:41,1,42.2
15:48:11,1,42.1
15:48:42,1,42
15:49:12,1,42.1
15:49:42,1,42.1
15:50:12,1,42.1
15:50:42,1,42.1
15:51:12,1,42.2
15:51:42,1,43.6
15:52:11,1,42.1
15:52:42,1,43.9
15:53:12,1,42.8
15:53:42,1,43.5
15:54:12,1,42.9
15:54:42,1,49.4
15:55:12,1,42.9
15:55:42,1,45.2
15:56:11,1,42.3
15:56:42,1,46.9
15:57:12,1,42.3
15:57:42,1,44.3
15:58:12,1,42.5
15:58:42,1,42.2
15:59:12,1,42.4
15:59:42,1,42.3
16:00:12,1,42.5
16:00:42,1,42.1
16:01:12,1,41.9
16:01:42,1,42.2
16:02:12,1,41.9
16:02:42,1,41.9
16:03:12,1,42.3
16:03:42,1,42.3
16:04:12,1,42.2
16:04:42,1,42.2
16:05:12,1,42.8
16:05:42,1,42.5
16:06:12,1,41
16:06:42,1,41.5
16:07:12,1,42.3
16:07:42,1,42.3
16:08:12,1,41.2
16:08:42,1,42.7
16:09:12,1,42.3
16:09:42,1,42.1
16:10:12,1,42.5
16:10:42,1,42.3
16:11:12,1,42
16:11:42,1,42.3
16:12:12,1,42.3
16:12:42,1,42.3
16:13:12,1,42.3
16:13:42,1,42.2
16:14:12,1,42.3
16:14:42,1,42.4
16:15:12,1,42.5
16:15:42,1,44.7
16:16:12,1,43.7
16:16:42,1,44.5
16:17:12,1,44.2
16:17:42,1,42.2
16:18:12,1,44.3
16:18:42,1,42
16:19:12,1,43.9
16:19:42,1,42.2
16:20:12,1,42.9
16:20:42,1,43.3
16:21:12,1,42.9
16:21:42,1,43.2
16:22:12,1,42.9
16:22:42,1,42.7
16:23:12,1,43.1
16:23:42,1,42.9
16:24:12,1,42.1
16:24:42,1,44.7
16:25:12,1,42.7
16:25:42,1,42.8
16:26:12,1,41.9
16:26:42,1,42.2
16:27:12,1,43.4
16:27:42,1,42.9
16:28:12,1,42.3
16:28:42,1,45.7
16:29:12,1,42.3
16:29:42,1,42.3
16:30:12,1,42.6
16:30:42,1,42.4
16:31:12,1,42.3
16:31:42,1,42.5
16:32:12,1,42.3
16:32:42,1,42.5
16:33:12,1,47.2
16:33:42,1,42.2
16:34:12,1,42.2
16:34:42,1,42.1
16:35:12,1,41.4
16:35:42,1,40.1
16:36:12,1,39.9
16:36:42,1,39
16:37:12,1,39.7
16:37:42,1,37.5
16:38:12,1,39.7
16:38:42,1,37.8
16:39:12,1,37.7
16:39:42,1,36.9
16:40:12,1,37.6
16:40:42,1,34.9
16:41:12,1,34.1
16:41:42,1,34
16:42:12,1,33.7
16:42:42,1,33.7
16:43:12,1,34.6
16:43:42,1,34.4
16:44:12,1,33.5
16:44:42,1,33
16:45:12,1,33.3
16:45:42,1,32.6
16:46:12,1,32.7
16:46:42,1,32.5
16:47:12,1,32.1
16:47:42,1,32.2
16:48:12,1,31.8
16:48:42,1,33.1
16:49:12,1,32.6
16:49:42,1,32.1
16:50:12,1,32.4
16:50:42,1,32.4
16:51:12,1,31.9
16:51:42,1,31.2
16:52:12,1,30.5
16:52:42,1,30.2
16:53:12,1,29.9
16:53:42,1,31.6
16:54:12,1,30
16:54:42,1,32.1
16:55:12,1,30.3
16:55:42,1,29.7
16:56:12,1,30.2
16:56:42,1,30.6
16:57:12,1,32.2
16:57:42,1,32.8
16:58:12,1,30
16:58:42,1,33.7
16:59:12,1,30.6
16:59:42,1,32.7
17:00:12,1,32
17:00:42,1,32.4
17:01:12,1,30.1
17:01:42,1,31.9
17:02:12,1,29.6
17:02:42,1,30.6
17:03:12,1,29.7
17:03:42,1,30.5
17:04:12,1,30
17:04:42,1,29.8
17:05:12,1,30
17:05:42,1,30.7
17:06:12,1,30.1
17:06:42,1,30
17:07:12,1,30.3
17:07:42,1,30
17:08:12,1,29.7
17:08:42,1,29.8
17:09:12,1,30.1
17:09:42,1,29.7
17:10:12,1,29.6
17:10:42,1,29.7
17:11:12,1,29.1
17:11:42,1,28.6
17:12:12,1,30.1
17:12:42,1,30.2
17:13:12,1,30.3
17:13:42,1,29.9
17:14:12,1,30.3
17:14:42,1,30
17:15:12,1,30
17:15:42,1,29.7
17:16:12,1,29.7
17:16:42,1,30.7
17:17:12,1,30.9
17:17:42,1,30.7
17:18:12,1,30.7
17:18:42,1,30.5
17:19:12,1,30.9
17:19:42,1,30.9
17:20:12,1,29.7
17:20:42,1,31.2
17:21:12,1,31.8
17:21:42,1,31.6
17:22:12,1,31.4
17:22:42,1,31.6
17:23:12,1,32.2
17:23:42,1,30.2
17:24:12,1,31.7
17:24:42,1,31.3
17:25:12,1,30.7
17:25:42,1,29.7
17:26:12,1,30.1
17:26:42,1,29.9
17:27:12,1,30
17:27:42,1,30
17:28:12,1,29.9
17:28:42,1,30
17:29:12,1,32.6
17:29:42,1,30.4
17:30:12,1,30.2
17:30:42,1,30.1
17:31:12,1,30
17:31:42,1,29.9
17:32:12,1,30
17:32:42,1,30.5
17:33:12,1,30
17:33:42,1,30.3
17:34:12,1,30.9
17:34:42,1,30.6
17:35:12,1,31.1
17:35:42,1,30.4
17:36:12,1,30.4
17:36:42,1,30.2
17:37:12,1,30.4
17:37:42,1,30.1
17:38:12,1,29.8
17:38:42,1,29.7
17:39:12,1,30
17:39:42,1,29.8
17:40:12,1,30
17:40:42,1,29.7
17:41:12,1,34.1
17:41:42,1,30.2
17:42:12,1,32.1
17:42:42,1,36.8
17:43:12,1,32.7
17:43:42,1,32.3
17:44:12,1,33.6
17:44:42,1,33.2
17:45:12,1,32.4
17:45:42,1,29.9
17:46:12,1,29.9
17:46:42,1,30
17:47:12,1,30
17:47:42,1,30.2
17:48:12,1,30
17:48:42,1,30.2
17:49:12,1,31.3
17:49:42,1,30
17:50:12,1,30
17:50:42,1,29.7
17:51:12,1,30
17:51:42,1,29.8
17:52:12,1,29.7
17:52:42,1,29.7
17:53:12,1,29.9
17:53:42,1,29.7
17:54:12,1,35.6
17:54:42,1,30.3
17:55:12,1,30.2
17:55:42,1,29.9
17:56:12,1,29.9
17:56:42,1,30
17:57:12,1,30.2
17:57:42,1,30
17:58:12,1,30.2
17:58:42,1,30.3
17:59:12,1,34.2
17:59:42,1,29.9
18:00:12,1,30.1
18:00:42,1,29.9
18:01:12,1,30
18:01:42,1,30
18:02:12,1,31.3
18:02:42,1,30
18:03:12,1,29.7
18:03:42,1,31.8
18:04:12,1,32
18:04:42,1,31.6
18:05:12,1,33.5
18:05:42,1,31.4
18:06:12,1,31.5
18:06:42,1,31.7
18:07:12,1,31.4
18:07:42,1,31.7
18:08:12,1,30.9
18:08:42,1,30.7
18:09:12,1,30.9
18:09:42,1,35
18:10:12,1,31.3
18:10:42,1,29.7
18:11:12,1,31.3
18:11:42,1,31.7
18:12:12,1,30.9
18:12:42,1,31.3
18:13:12,1,30.5
18:13:42,1,30.1
18:14:12,1,30.5
18:14:42,1,31.2
18:15:12,1,30.5
18:15:42,1,29.8
18:16:12,1,29.7
18:16:42,1,29.7
18:17:12,1,30
18:17:42,1,31
18:18:12,1,29.9
18:18:42,1,29.7
18:19:12,1,29.8
18:19:42,1,31.2
18:20:12,1,29.7
18:20:42,1,30
18:21:12,1,29.8
18:21:42,1,29.7
18:22:12,1,30
18:22:42,1,29.7
18:23:12,1,30.2
18:23:42,1,29.9
18:24:12,1,30.2
18:24:42,1,31.4
18:25:12,1,30.1
18:25:42,1,29.8
18:26:12,1,30.4
18:26:42,1,31.6
18:27:12,1,29.8
18:27:42,1,31.6
18:28:12,1,31.9
18:28:42,1,32
18:29:12,1,31.8
18:29:42,1,30.2
18:30:12,1,30.4
18:30:42,1,30.1
18:31:12,1,30
18:31:42,1,29.8
18:32:12,1,29.7
18:32:42,1,30
18:33:12,1,34.6
18:33:42,1,30.8
18:34:12,1,30.9
18:34:42,1,31.8
18:35:12,1,30.1
18:35:42,1,30.4
18:36:12,1,30.1
18:36:42,1,30.4
18:37:12,1,30.7
18:37:42,1,30.7
18:38:12,1,29.7
18:38:42,1,30.4
18:39:12,1,30
18:39:42,1,30.5
18:40:12,1,30.2
18:40:42,1,30
18:41:12,1,29.8
18:41:42,1,30.3
18:42:12,1,29.9
18:42:42,1,30.3
18:43:12,1,30.2
18:43:42,1,30.5
18:44:12,1,30.2
18:44:42,1,44.3
18:45:12,1,42.8
18:45:42,1,42.4
18:46:12,1,40.9
18:46:42,1,40
18:47:12,1,39.1
18:47:42,1,38.2
18:48:12,1,36.9
18:48:42,1,36.4
18:49:12,1,38.2
18:49:42,1,35.3
18:50:12,1,36.9
18:50:42,1,34.9
18:51:12,1,35.9
18:51:42,1,34.1
18:52:12,1,35.2
18:52:42,1,33.6
18:53:12,1,33.3
18:53:42,1,33.3
18:54:12,1,32.8
18:54:42,1,34.5
18:55:12,1,33.5
18:55:42,1,32.1
18:56:12,1,32.9
18:56:42,1,32
18:57:12,1,34.2
18:57:42,1,32.4
18:58:12,1,32.2
18:58:42,1,32
18:59:12,1,43.7
18:59:42,1,45.2
19:00:12,1,52.5
19:00:42,1,44.3
19:01:12,1,44
19:01:42,1,43.5
19:02:12,1,44.3
19:02:42,1,42.6
19:03:12,1,43.6
19:03:42,1,42.6
19:04:12,1,43
19:04:42,1,42.9
19:05:12,1,44.2
19:05:42,1,42.6
19:06:12,1,44.1
19:06:42,1,43.4
19:07:12,1,43.1
19:07:42,1,42.5
19:08:12,1,42.8
19:08:42,1,42.8
19:09:12,1,43.8
19:09:42,1,42.5
19:10:12,1,44.1
19:10:42,1,42.8
19:11:12,1,44.1
19:11:42,1,42.6
19:12:12,1,44.4
19:12:42,1,44.2
19:13:12,1,43.8
19:13:42,1,44
19:14:12,1,44.3
19:14:42,1,43.4
19:15:12,1,42.6
19:15:42,1,43.3
19:16:12,1,42.1
19:16:42,1,43
19:17:12,1,43
19:17:42,1,43.1
19:18:12,1,42.9
19:18:42,1,43.2
19:19:12,1,43.8
19:19:42,1,43.4
19:20:12,1,43.4
19:20:42,1,47.4
19:21:12,1,42.3
19:21:42,1,42.8
19:22:12,1,42.6
19:22:42,1,42.9
19:23:12,1,42.9
19:23:42,1,42.6
19:24:12,1,42.6
19:24:42,1,43
19:25:12,1,43.3
19:25:42,1,43.2
19:26:12,1,43.7
19:26:42,1,42.5
19:27:12,1,42.7
19:27:42,1,42.9
19:28:12,1,42.9
19:28:42,1,43.6
19:29:12,1,42.3
19:29:42,1,43.3
19:30:12,1,43
19:30:42,1,42.6
19:31:12,1,43.3
19:31:42,1,42.7
19:32:12,1,42.8
19:32:42,1,42.7
19:33:12,1,42.9
19:33:42,1,42.8
19:34:12,1,42.9
19:34:42,1,43.3
19:35:12,1,42.5
19:35:42,1,44.5
19:36:12,1,45
19:36:42,1,44.5
19:37:12,1,45
19:37:42,1,44.7
19:38:12,1,42.5
19:38:42,1,43.2
19:39:12,1,42.6
19:39:42,1,43.2
19:40:12,1,42.6
19:40:42,1,42.5
19:41:12,1,42.4
19:41:42,1,43.9
19:42:12,1,43.1
19:42:42,1,43
19:43:12,1,42.9
19:43:42,1,43.1
19:44:12,1,42.8
19:44:42,1,44.4
19:45:12,1,43.4
19:45:42,1,43
19:46:12,1,42.7
19:46:42,1,42.8
19:47:12,1,42.8
19:47:42,1,42.9
19:48:12,1,42.7
19:48:42,1,43
19:49:12,1,42.9
19:49:42,1,42.8
19:50:12,1,42.9
19:50:42,1,43.1
19:51:12,1,43.1
19:51:42,1,42.6
19:52:12,1,42.7
19:52:42,1,42.4
19:53:12,1,43.6
19:53:42,1,43.1
19:54:12,1,43.6
19:54:42,1,44.1
19:55:12,1,43.2
19:55:42,1,42.9
19:56:12,1,43.6
19:56:42,1,42.9
19:57:12,1,44
19:57:42,1,44
19:58:12,1,43.2
19:58:42,1,44.7
19:59:12,1,43.6
19:59:42,1,44.4
20:00:12,1,48.1
20:00:42,1,44.3
20:01:12,1,57.6
20:01:42,1,45.1
20:02:12,1,44.7
20:02:42,1,44
20:03:12,1,42.8
20:03:42,1,42.7
20:04:12,1,44.1
20:04:42,1,43
20:05:12,1,47.3
20:05:42,1,42.9
20:06:12,1,42.8
20:06:42,1,42.8
20:07:12,1,43.6
20:07:42,1,43.3
20:08:12,1,42.9
20:08:42,1,42.7
20:09:12,1,42.6
20:09:42,1,43.2
20:10:12,1,43.1
20:10:42,1,43.5
20:11:12,1,43
20:11:42,1,43.1
20:12:12,1,43.3
20:12:42,1,43.1
20:13:12,1,42.8
20:13:42,1,43.3
20:14:12,1,43.4
20:14:42,1,43
20:15:12,1,43.4
20:15:42,1,42.8
20:16:12,1,42.8
20:16:42,1,43.1
20:17:12,1,43.3
20:17:42,1,43
20:18:12,1,42.7
20:18:42,1,42.7
20:19:12,1,43.3
20:19:42,1,45.1
20:20:12,1,44
20:20:42,1,44.6
20:21:12,1,44.6
20:21:42,1,44.3
20:22:12,1,44.7
20:22:42,1,43.3
20:23:12,1,44.5
20:23:42,1,44.1
20:24:12,1,43.8
20:24:42,1,45.1
20:25:12,1,45.3
20:25:42,1,45
20:26:12,1,44.6
20:26:42,1,44.6
20:27:12,1,43.1
20:27:42,1,43.6
20:28:12,1,42.6
20:28:42,1,43
20:29:12,1,43.1
20:29:42,1,42.8
20:30:12,1,42.5
20:30:42,1,42.7
20:31:12,1,43.1
20:31:42,1,43.2
20:32:12,1,42.7
20:32:42,1,42.6
20:33:12,1,42.6
20:33:42,1,42.7
20:34:12,1,43.2
20:34:42,1,43.6
20:35:12,1,43.2
20:35:42,1,43.2
20:36:12,1,42.6
20:36:42,1,42.9
20:37:12,1,43
20:37:42,1,43.2
20:38:12,1,43.1
20:38:42,1,42.5
20:39:12,1,42.5
20:39:42,1,43.2
20:40:12,1,43.1
20:40:42,1,43
20:41:12,1,42.7
20:41:42,1,43.6
20:42:12,1,44.7
20:42:42,1,43
20:43:12,1,45
20:43:42,1,44.6
20:44:12,1,44.8
20:44:42,1,43.2
20:45:12,1,47.4
20:45:42,1,44.1
20:46:12,1,43.1
20:46:42,1,42.9
20:47:12,1,42.9
20:47:42,1,42.8
20:48:12,1,43.9
20:48:42,1,43
20:49:12,1,43.4
20:49:42,1,43
20:50:12,1,44.5
20:50:42,1,43.9
20:51:12,1,44.2
20:51:42,1,44.5
20:52:12,1,44
20:52:42,1,42.8
20:53:12,1,43.7
20:53:42,1,43.2
20:54:12,1,43.5
20:54:42,1,43.3
20:55:12,1,43.8
20:55:42,1,42.9
20:56:12,1,43.8
20:56:42,1,43.3
20:57:12,1,43.5
20:57:42,1,44.3
20:58:12,1,42.7
20:58:42,1,43.4
20:59:12,1,43
20:59:42,1,43.1
21:00:12,1,32
21:00:42,1,30.8
21:01:12,1,29.9
21:01:42,1,36.5
21:02:12,1,30.2
21:02:42,1,30.3
21:03:12,1,30.1
21:03:42,1,30
21:04:12,1,30.3
21:04:42,1,30.2
21:05:12,1,32.6
21:05:42,1,31.2
21:06:12,1,31.3
21:06:42,1,33.2
21:07:12,1,31.8
21:07:42,1,31.7
21:08:12,1,30
21:08:42,1,30.1
21:09:12,1,30
21:09:42,1,30.6
21:10:12,1,30.1
21:10:42,1,29.7
21:11:12,1,30
21:11:42,1,30.1
21:12:12,1,29.7
21:12:42,1,30.6
21:13:12,1,30
21:13:42,1,29.9
21:14:12,1,29.9
21:14:42,1,30.1
21:15:12,1,35.7
21:15:42,1,30
21:16:12,1,29.8
21:16:42,1,30.4
21:17:12,1,30.7
21:17:42,1,30.7
21:18:12,1,30.4
21:18:42,1,30.4
21:19:12,1,30.4
21:19:42,1,30.7
21:20:12,1,31.4
21:20:42,1,30.4
21:21:12,1,29.9
21:21:42,1,29.7
21:22:12,1,30.1
21:22:42,1,30.4
21:23:12,1,30.1
21:23:42,1,30.1
21:24:12,1,29.7
21:24:42,1,30.3
21:25:12,1,30.1
21:25:42,1,30.7
21:26:12,1,29.9
21:26:42,1,32.2
21:27:12,1,31.5
21:27:42,1,33.6
21:28:12,1,37.3
21:28:42,1,33
21:29:12,1,32.2
21:29:42,1,32.6
21:30:12,1,30
21:30:42,1,31.8
21:31:12,1,29.9
21:31:42,1,31.5
21:32:12,1,30.1
21:32:42,1,31.4
21:33:12,1,29.8
21:33:42,1,29.9
21:34:12,1,29.7
21:34:42,1,31.2
21:35:12,1,30.3
21:35:42,1,30.1
21:36:12,1,29.7
21:36:42,1,30
21:37:12,1,30
21:37:42,1,30
21:38:12,1,29.9
21:38:42,1,29.8
21:39:12,1,29.8
21:39:42,1,29.7
21:40:12,1,29.9
21:40:42,1,30
21:41:12,1,29.8
21:41:42,1,29.8
21:42:12,1,29.6
21:42:42,1,29.7
21:43:12,1,30
21:43:42,1,29.7
21:44:12,1,30
21:44:42,1,29.9
21:45:12,1,32.6
21:45:42,1,29.7
21:46:12,1,30.4
21:46:42,1,30.2
21:47:12,1,30.7
21:47:42,1,31.1
21:48:12,1,30.4
21:48:42,1,30.5
21:49:12,1,30.8
21:49:42,1,29.7
21:50:12,1,30.4
21:50:42,1,31.6
21:51:12,1,30.1
21:51:42,1,31.8
21:52:12,1,29.7
21:52:42,1,31.3
21:53:12,1,29.9
21:53:42,1,32
21:54:12,1,30
21:54:42,1,33.3
21:55:12,1,30.8
21:55:42,1,29.8
21:56:12,1,29.7
21:56:42,1,30.7
21:57:12,1,30.6
21:57:42,1,30
21:58:12,1,30
21:58:42,1,29.8
21:59:12,1,30
21:59:42,1,29.9
22:00:12,1,29.8
22:00:42,1,31.6
22:01:12,1,30.1
22:01:42,1,31.2
22:02:12,1,39.4
22:02:42,1,29.7
22:03:12,1,30.4
22:03:42,1,29.8
22:04:12,1,30.6
22:04:42,1,30.3
22:05:12,1,30.8
22:05:42,1,29.9
22:06:12,1,30.4
22:06:42,1,29.7
22:07:12,1,31.6
22:07:42,1,30
22:08:12,1,30.3
22:08:42,1,29.9
22:09:12,1,30.3
22:09:42,1,30
22:10:12,1,29.8
22:10:42,1,29.7
22:11:12,1,29.8
22:11:42,1,29.7
22:12:12,1,29.9
22:12:42,1,30
22:13:12,1,29.7
22:13:42,1,30.1
22:14:12,1,30
22:14:42,1,32
22:15:12,1,30
22:15:42,1,33
22:16:12,1,31.3
22:16:42,1,32.3
22:17:12,1,31.7
22:17:42,1,32.3
22:18:12,1,32.6
22:18:42,1,30.5
22:19:12,1,30.3
22:19:42,1,30.7
22:20:12,1,28.8
22:20:42,1,31
22:21:12,1,29.9
22:21:42,1,30.4
22:22:12,1,29.8
22:22:42,1,30
22:23:12,1,29.8
22:23:42,1,30.2
22:24:12,1,30
22:24:42,1,29.8
22:25:12,1,30.1
22:25:42,1,30
22:26:12,1,30.2
22:26:42,1,45
22:27:12,1,30.2
22:27:42,1,30
22:28:12,1,30.2
22:28:42,1,30.1
22:29:12,1,30.2
22:29:42,1,30
22:30:12,1,30
22:30:42,1,30
22:31:12,1,30.2
22:31:42,1,29.9
22:32:12,1,29.9
22:32:42,1,30
22:33:12,1,30
22:33:42,1,29.9
22:34:12,1,29.7
22:34:42,1,29.9
22:35:12,1,30.7
22:35:42,1,30
22:36:12,1,30
22:36:42,1,29.9
22:37:12,1,31.7
22:37:42,1,30
22:38:12,1,31.4
22:38:42,1,31.1
22:39:12,1,31.4
22:39:42,1,30.3
22:40:12,1,32
22:40:42,1,30.7
22:41:12,1,30.3
22:41:42,1,30.4
22:42:12,1,30.5
22:42:42,1,31.1
22:43:12,1,30.4
22:43:42,1,31
22:44:12,1,30.3
22:44:42,1,31.1
22:45:12,1,31.1
22:45:42,1,30
22:46:12,1,30.7
22:46:42,1,29.7
22:47:12,1,30.9
22:47:42,1,30.1
22:48:12,1,30.1
22:48:42,1,29.9
22:49:12,1,29.9
22:49:42,1,29.9
22:50:12,1,29.8
22:50:42,1,30.1
22:51:12,1,30
22:51:42,1,30.1
22:52:12,1,30.1
22:52:42,1,30.1
22:53:12,1,30
22:53:42,1,30.3
22:54:12,1,30
22:54:42,1,29.7
22:55:12,1,30.1
22:55:42,1,29.9
22:56:12,1,29.8
22:56:42,1,29.9
22:57:12,1,33.9
22:57:42,1,30.3
22:58:12,1,29.8
22:58:42,1,30.2
22:59:12,1,31.8
22:59:42,1,29.7
23:00:12,1,31.7
23:00:42,1,31.7
23:01:12,1,31.6
23:01:42,1,31.7
23:02:12,1,32.1
23:02:42,1,39.3
23:03:12,1,29.8
23:03:42,1,29.7
23:04:12,1,30
23:04:42,1,30.1
23:05:12,1,30.3
23:05:42,1,30.4
23:06:12,1,30.1
23:06:42,1,30
23:07:12,1,30.1
23:07:42,1,31
23:08:12,1,29.8
23:08:42,1,30
23:09:12,1,30
23:09:42,1,29.9
23:10:12,1,32.3
23:10:42,1,30.4
23:11:12,1,30.2
23:11:42,1,31
23:12:12,1,30.1
23:12:42,1,30.8
23:13:12,1,29.9
23:13:42,1,30.6
23:14:12,1,30.6
23:14:42,1,30.6
23:15:12,1,32
23:15:42,1,30.7
23:16:12,1,31.1
23:16:42,1,30.5
23:17:12,1,30.7
23:17:42,1,30.1
23:18:12,1,30.7
23:18:42,1,30
23:19:12,1,30.8
23:19:42,1,30.1
23:20:12,1,30.5
23:20:42,1,33.2
23:21:12,1,30.6
23:21:42,1,30.6
23:22:12,1,29.9
23:22:42,1,31.6
23:23:12,1,31.9
23:23:42,1,31.4
23:24:12,1,31.7
23:24:42,1,33
23:25:12,1,30.8
23:25:42,1,31.7
23:26:12,1,30.3
23:26:42,1,30
23:27:12,1,30
23:27:42,1,30.2
23:28:12,1,30
23:28:42,1,30.1
23:29:12,1,30.3
23:29:42,1,29.8
23:30:12,1,30
23:30:42,1,30.1
23:31:12,1,35.8
23:31:42,1,30.2
23:32:12,1,30.4
23:32:42,1,30.2
23:33:12,1,30.1
23:33:42,1,30.6
23:34:12,1,30
23:34:42,1,29.8
23:35:12,1,30.4
23:35:42,1,29.7
23:36:12,1,30
23:36:42,1,30.1
23:37:12,1,30.1
23:37:42,1,30.2
23:38:12,1,30.2
23:38:42,1,29.7
23:39:12,1,30.3
23:39:42,1,29.7
23:40:12,1,30.4
23:40:42,1,29.9
23:41:12,1,30.5
23:41:42,1,30.7
23:42:12,1,30.7
23:42:42,1,29.9
23:43:12,1,42.9
23:43:42,1,29.6
23:44:12,1,31.7
23:44:42,1,31.4
23:45:12,1,30
23:45:42,1,31.4
23:46:12,1,45.7
23:46:42,1,31.7
23:47:12,1,31.3
23:47:42,1,31.7
23:48:12,1,31.7
23:48:42,1,30.2
23:49:12,1,30.5
23:49:42,1,29.6
23:50:12,1,30.3
23:50:42,1,30.6
23:51:12,1,30.4
23:51:42,1,30
23:52:12,1,30.4
23:52:42,1,29.9
23:53:12,1,30.3
23:53:42,1,30.2
23:54:12,1,30.3
23:54:42,1,30
23:55:12,1,32.1
23:55:42,1,30.2
23:56:12,1,29.8
23:56:42,1,31.9
23:57:12,1,30.5
23:57:42,1,30
23:58:12,1,30.3
23:58:42,1,30.1
23:59:12,1,30.2
23:59:42,1,30.1
